<?xml version="1.0" encoding="UTF-8"?>
<metadata xml:lang="en"><Esri><CreaDate>20181202</CreaDate><CreaTime>14342400</CreaTime><ArcGISFormat>1.0</ArcGISFormat><SyncOnce>TRUE</SyncOnce><DataProperties><itemProps><itemLocation><linkage Sync="TRUE">file://\\CFS-6300-5020QZ\C$\Users\blackwoodel\Documents\GitHub\advanced-class\PythonNotebooks\Project-3\STL_EDU_Public</linkage><protocol Sync="TRUE">Local Area Network</protocol></itemLocation></itemProps><copyHistory><copy source="C:\Users\blackwoodel\Documents\GitHub\lecture-09\data\STL_EDU_Public\STL_EDU_Public" dest="\\CFS-6300-5020QZ\C$\Users\blackwoodel\Documents\GitHub\advanced-class\PythonNotebooks\Project-3\STL_EDU_Public" date="20181202" time="14342400"></copy></copyHistory></DataProperties></Esri></metadata>
